{
  "model": "PELiNNQEM",
  "configuration": {
    "input_dim": 12,
    "hidden_dim": 96,
    "steps": 6,
    "dt": 0.25,
    "use_tanh_head": false
  },
  "training_parameters": {
    "epochs": 40,
    "batch_size": 32,
    "learning_rate": 0.0003,
    "weight_decay": 0.01,
    "alpha_inv": 0.1,
    "normalised": true
  },
  "dataset": {
    "dataset_path": "/mnt/c/Users/Lenna/SynologyDrive/PE-LiNN-Q/QAMP_project_group_14/Experiments/data/qiskit_samples.npz",
    "num_train_samples": 320,
    "num_val_samples": 80,
    "num_features": 12,
    "normalised": true
  },
  "metrics": {
    "mae": 0.10581444203853607,
    "rmse": 0.13334769010543823
  },
  "benchmarks": {
    "num_samples": 80,
    "metrics": {
      "PE-LINN": {
        "mae": 0.10581444203853607,
        "rmse": 0.13334768818407552,
        "max_abs": 0.38196995854377747
      },
      "NOISY": {
        "mae": 0.189398193359375,
        "rmse": 0.23480084832580855,
        "max_abs": 0.70458984375
      },
      "ZNE": {
        "mae": 0.19637207031249998,
        "rmse": 0.24210188946102834,
        "max_abs": 0.6608398437499998
      },
      "CDR": {
        "mae": 0.16383624721118809,
        "rmse": 0.20768766315717452,
        "max_abs": 0.574944288578532
      }
    }
  }
}